{
  "pageModelVersion": "18.3.3",
  "title": "My start page",
  "description": "The starting page of the flow",
  "variables": {
    "sampleDataListServiceDataProvider": {
      "type": "vb/ServiceDataProvider",
      "defaultValue": {
        "endpoint": "businessObjects/getall_SampleData",
        "idAttribute": "id",
        "itemsPath": "items",
        "responseType": "flow:getallSampleDataResponse"
      }
    },
    "sampleDataListServiceDataProvider2": {
      "type": "vb/ServiceDataProvider",
      "defaultValue": {
        "endpoint": "businessObjects/getall_SampleData",
        "idAttribute": "id",
        "itemsPath": "items",
        "responseType": "flow:getallSampleDataResponse2"
      }
    }
  },
  "types": {},
  "chains": {
    "ButtonClickAction": {
      "description": "",
      "variables": {
        "detail": {
          "required": true,
          "type": "any",
          "input": "fromCaller"
        }
      },
      "root": "assignVariables1",
      "actions": {
        "assignVariables1": {
          "module": "vb/action/builtin/assignVariablesAction",
          "parameters": {
            "$page.variables.sampleDataListServiceDataProvider": {
              "source": {
                "filterCriterion": {
                  "op": "{{ \"$and\"\n }}",
                  "criteria": [
                    {
                      "attribute": "{{ \"id\"\n }}",
                      "op": "{{ \"$ne\"\n }}",
                      "value": "{{ 0 }}"
                    }
                  ]
                }
              },
              "reset": "none"
            }
          },
          "outcomes": {
            "success": "return1"
          }
        },
        "return1": {
          "module": "vb/action/builtin/returnAction",
          "parameters": {
            "outcome": "success"
          }
        }
      }
    }
  },
  "eventListeners": {
    "ojButton10753416961Click": {
      "chains": [
        {
          "chainId": "ButtonClickAction",
          "parameters": {
            "detail": "{{ $event.detail }}"
          }
        }
      ]
    }
  },
  "imports": {
    "components": {
      "oj-chart": {
        "path": "ojs/ojchart"
      },
      "oj-button": {
        "path": "ojs/ojbutton"
      },
      "oj-list-view": {
        "path": "ojs/ojlistview"
      },
      "oj-vb-list-item": {
        "path": "vb/components/list-item/loader"
      }
    }
  }
}