{
    "swagger": "2.0",
    "info": {
        "title": "VBSocketUpdate",
        "x-vb": {
            "dt-wizardType": "rest",
            "dt-serverOnly": true
        },
        "version": "1.0.0"
    },
    "schemes": [
        "https"
    ],
    "host": "vbsocket-gse00015080.uscom-east-1.oraclecloud.com",
    "basePath": "/",
    "definitions": {
        "Postnotify": {
            "type": "object",
            "properties": {
                "label": {
                    "type": "string"
                }
            }
        }
    },
    "paths": {
        "/notify": {
            "post": {
                "operationId": "postNotify",
                "consumes": [
                    "application/json"
                ],
                "parameters": [
                    {
                        "x-vb": {
                            "examples": {
                                "application/json": "{ \"label\": \"test123\" }"
                            },
                            "inferred": true
                        },
                        "schema": {
                            "$ref": "#/definitions/Postnotify"
                        },
                        "name": "body",
                        "in": "body"
                    }
                ],
                "responses": {
                    "default": {
                        "description": "The content returned by the server."
                    }
                },
                "x-vb": {
                    "headers": {
                        "Content-type": "application/json"
                    }
                },
                "x-vb-actionHint": "update"
            }
        }
    }
}