{
    "flowModelVersion": "18.3.3",
    "id": "main",
    "description": "Flow main",
    "defaultPage": "main-start",
    "chains": {},
    "services": {},
    "types": {
        "getallSampleDataResponse": {
            "items": [
                {
                    "id": "number",
                    "label": "string",
                    "value": "number"
                }
            ]
        },
        "@decorators.getallSampleDataResponse": {
            "endpoint": "getall_SampleData",
            "service": "businessObjects",
            "path": "response"
        },
        "getallSampleDataResponse2": {
            "items": [
                {
                    "id": "number",
                    "createdBy": "string",
                    "label": "string",
                    "value": "number"
                }
            ]
        },
        "@decorators.getallSampleDataResponse2": {
            "endpoint": "getall_SampleData",
            "service": "businessObjects",
            "path": "response"
        }
      },
    "variables": {}
}