{
  "pageModelVersion": "18.4.1",
  "title": "",
  "description": "",
  "variables": {
    "jsonTreeDataSource": {
      "type": "any"
    }
  },
  "types": {
  },
  "chains": {
    "LoadTree": {
      "root": "callModuleFunction1",
      "description": "",
      "actions": {
        "assignVariables1": {
          "module": "vb/action/builtin/assignVariablesAction",
          "parameters": {
            "$page.variables.jsonTreeDataSource": {
              "source": "{{ $chain.results.callModuleFunction1 }}"
            }
          },
          "outcomes": {
            "success": "return1"
          }
        },
        "return1": {
          "module": "vb/action/builtin/returnAction",
          "parameters": {
            "outcome": "success"
          }
        },
        "callModuleFunction1": {
          "module": "vb/action/builtin/callModuleFunctionAction",
          "parameters": {
            "module": "{{$page.functions}}",
            "functionName": "populateTree",
            "params": [
              "[\n  {\n    \"attr\":{\n      \"title\":\"News\",\n      \"id\":\"news\"\n    }\n  },\n  {\n    \"attr\":{\n      \"title\":\"Blogs\",\n      \"id\":\"blogs\"\n    },\n    \"children\":[\n      {\n        \"attr\":{\n          \"title\":\"Today\",\n          \"id\":\"today\"\n        }\n      },\n      {\n        \"attr\":{\n          \"title\":\"Yesterday\",\n          \"id\":\"yesterday\"\n        }\n      },\n      {\n        \"attr\":{\n          \"title\":\"Archive\",\n          \"id\":\"archive\"\n        }\n      }\n    ]\n  },\n  {\n    \"attr\":{\n      \"title\":\"Links\",\n      \"id\":\"links\"\n    },\n    \"children\":[\n      {\n        \"attr\":{\n          \"title\":\"Oracle\",\n          \"id\":\"oracle\"\n        },\n        \"children\":[\n          {\n            \"attr\":{\n              \"title\":\"USA\",\n              \"id\":\"usa\"\n            },\n            \"children\":[\n              {\n                \"attr\":{\n                  \"title\":\"Northeast\",\n                  \"id\":\"northeast\"\n                }\n              },\n              {\n                \"attr\":{\n                  \"title\":\"Midwest\",\n                  \"id\":\"midwest\"\n                }\n              },\n              {\n                \"attr\":{\n                  \"title\":\"South\",\n                  \"id\":\"south\"\n                }\n              },\n              {\n                \"attr\":{\n                  \"title\":\"West\",\n                  \"id\":\"west\"\n                }\n              }\n            ]\n          },\n          {\n            \"attr\":{\n              \"title\":\"Europe\",\n              \"id\":\"europe\"\n            }\n          },\n          {\n            \"attr\":{\n              \"title\":\"Asia\",\n              \"id\":\"asia\"\n            },\n            \"children\":[\n              {\n                \"attr\":{\n                  \"title\":\"Japan\",\n                  \"id\":\"japan\"\n                }\n              },\n              {\n                \"attr\":{\n                  \"title\":\"China\",\n                  \"id\":\"china\"\n                }\n              },\n              {\n                \"attr\":{\n                  \"title\":\"India\",\n                  \"id\":\"india\"\n                }\n              }\n            ]\n          }\n        ]\n      },\n      {\n        \"attr\":{\n          \"title\":\"IBM\",\n          \"id\":\"ibm\"\n        }\n      },\n      {\n        \"attr\":{\n          \"title\":\"Microsoft\",\n          \"id\":\"microsoft\"\n        }\n      }\n    ]\n  }\n]"
            ],
            "returnType": "object"
          },
          "outcomes": {
            "success": "assignVariables1"
          }
        }
      }
    }
  },
  "eventListeners": {
    "vbEnter": {
      "chains": [
        {
          "chainId": "LoadTree",
          "parameters": {}
        }
      ]
    }
  },
  "imports": {
    "components": {
      "oj-treeview": {
        "path": "ojs/ojtreeview"
      },
      "oj-jsontreeview": {
        "path": "ojs/ojjsontreedatasource"
      }
    }
  }
}