{
  "applicationModelVersion": "18.3.3",
  "id": "starter",
  "description": "A new VB app",
  "defaultPage": "shell",
  "chains": {
    "OpenSocketAction": {
      "root": "callModuleFunction1",
      "description": "",
      "actions": {
        "callModuleFunction1": {
          "module": "vb/action/builtin/callModuleFunctionAction",
          "parameters": {
            "module": "{{$application.functions}}",
            "functionName": "OpenSocket"
          },
          "outcomes": {
            "success": "return1"
          }
        },
        "return1": {
          "module": "vb/action/builtin/returnAction",
          "parameters": {
            "outcome": "success"
          }
        }
      }
    }
  },
  "services": {
    "businessObjects": "../../services/businessObjects/service.json"
  },
  "translations": {
    "app": {
      "path": "./resources/strings/app/nls/app-strings"
    }
  },
  "types": {},
  "variables": {},
  "userConfig": {
    "type": "vb/DefaultSecurityProvider",
    "configuration": {}
  },
  "security":{
      "access":{
          "requiresAuthentication": true
      }
  },
  "eventListeners": {
    "vbEnter": {
      "chains": [
        {
          "chainId": "application:OpenSocketAction",
          "parameters": {}
        }
      ]
    }
  }
}