{
    "fieldValidators": [],
    "objectFunctions": [],
    "objectValidators": [],
    "triggers": [
        {
            "active": "active",
            "displayName": "BeforeUpdate",
            "lastUpdate": "2018-11-30T22:47:33",
            "oid": "4380e7aa-6c52-4f02-9eb3-d1a18dcad0e6",
            "scriptMimeType": "application/x-adf-groovy",
            "triggerEvents": [
                "BeforeUpdate"
            ],
            "workflow": {
                "nodeType": "criterion",
                "type": "always",
                "displayName": "Always Execute",
                "outcomes": {
                    "false": {
                        "nodeType": "terminus",
                        "type": "end",
                        "for": "trigger"
                    },
                    "true": {
                        "nodeType": "actionGroup",
                        "displayName": "Action Group",
                        "after": {
                            "nodeType": "terminus",
                            "type": "continue",
                            "for": "criteria"
                        },
                        "methodDefinition": {
                            "typeId": "customGroovy",
                            "vars": {
                                "description": "CallUpdateRestService",
                                "code": "def VBSocketUpdateService = newService(\"VBSocketUpdate\")\ndef callBody = '{ \"label\": \"UpdateSampleData\" }'\ndef callResponse = VBSocketUpdateService.postNotify(callBody)\n",
                                "methodName": "onSampleDataActionGroupExecute",
                                "pageEvent": "actionGroupExecute"
                            },
                            "outcomeHandlers": {}
                        }
                    }
                }
            }
        }
      ],
    "fieldTriggers": []
}