{
    "fields": [
        {
            "id": "id",
            "internal": true,
            "key": true,
            "oid": "7ec84a7e-29b4-408e-8376-481451873038",
            "required": true,
            "singularName": "Id",
            "type": "number",
            "unique": true
        },
        {
            "id": "creationDate",
            "internal": true,
            "oid": "34c78879-b227-486f-8d36-b80edb92f128",
            "singularName": "Created",
            "type": "datetime"
        },
        {
            "id": "lastUpdateDate",
            "internal": true,
            "oid": "dbc9a331-0e1c-4d25-a031-a0feda4e8323",
            "singularName": "Last Updated",
            "type": "datetime"
        },
        {
            "id": "createdBy",
            "internal": true,
            "oid": "f51c65b3-6be8-4adb-b0b6-69ea7bd50c53",
            "singularName": "Created By",
            "type": "string"
        },
        {
            "id": "lastUpdatedBy",
            "internal": true,
            "oid": "fbd78c6a-d471-460d-891a-0748c7460ce5",
            "singularName": "Last Updated By",
            "type": "string"
        },
        {
            "hidden": true,
            "id": "abcsChangeNumber",
            "internal": true,
            "oid": "43f32149-485a-4acc-8a9f-114a9ef9c650",
            "singularName": "<internal>",
            "type": "number"
        },
        {
            "id": "label",
            "oid": "21d7a664-4292-40b6-b335-91ab4cfb5bad",
            "singularName": "label",
            "type": "string"
        },
        {
            "id": "value",
            "oid": "78f7ce55-da92-4b7e-bff9-708519b4f60e",
            "singularName": "value",
            "type": "number"
        }
    ],
    "id": "SampleData",
    "oid": "26abb68a-cd36-4308-83bf-ffa1675962e4",
    "singularName": "SampleData",
    "triggers": [
        {
            "definition": "// Trigger Beginning \nprintln 'Trigger started: BeforeUpdate, business object: SampleData, event: BeforeUpdate';\n\ntry {\n\n  // Always Execute Criterion (Always Execute)\n  alwaysExecuteCriterion_1: {\n    // Action Group (Action Group)\n    def VBSocketUpdateService = newService(\"VBSocketUpdate\")\n    def callBody = '{ \"label\": \"UpdateSampleData\" }'\n    def callResponse = VBSocketUpdateService.postNotify(callBody)\n\n\n  }\n\n} finally {\n\n  // Trigger End \n  println 'Trigger ended: BeforeUpdate';\n\n}",
            "displayName": "BeforeUpdate",
            "name": "BeforeUpdate_Rule_0",
            "refId": "4380e7aa-6c52-4f02-9eb3-d1a18dcad0e6",
            "type": "BeforeUpdate"
        }
    ]
}